{"SoftBCEWithLogitsLoss": 0.7354859850908579, "iou_score": 0.02433820488692135, "fscore": 0.03770293423588359, "accuracy": 0.9944654609027661, "recall": 0.02913476830842, "precision": 0.07795858143513298}