{"SoftBCEWithLogitsLoss": 0.32207492610503885, "iou_score": 0.9970910281970583, "fscore": 0.9985424506253209, "accuracy": 0.9971051688851981, "recall": 0.9997603790513402, "precision": 0.9973283122325767}