{"SoftBCEWithLogitsLoss": 0.6979073450483124, "iou_score": 3.793906454561813e-11, "fscore": 3.793906454561813e-11, "accuracy": 0.9957133634337063, "recall": 3.793906454561813e-11, "precision": 1.0}