{"SoftBCEWithLogitsLoss": 0.6604347044023974, "iou_score": 0.6265050070121391, "fscore": 0.6548911065973103, "accuracy": 0.990752949796874, "recall": 0.6446983485478297, "precision": 0.66686891080183}