{"SoftBCEWithLogitsLoss": 0.31723860625563, "iou_score": 0.9980255858651523, "fscore": 0.9990115741203571, "accuracy": 0.9980318196888628, "recall": 0.9992647705406977, "precision": 0.9987586695572424}