{"SoftBCEWithLogitsLoss": 0.656808980580034, "iou_score": 0.7402121289844559, "fscore": 0.7766261460503014, "accuracy": 0.9926164992924393, "recall": 0.7527585894182769, "precision": 0.8294175740545047}