{"SoftBCEWithLogitsLoss": 0.017462244321560037, "iou_score": 0.9976978096468696, "fscore": 0.9988469728108109, "accuracy": 0.997712879345335, "recall": 0.999030318753473, "precision": 0.9986639721640226}