{"SoftBCEWithLogitsLoss": 0.008811586391951502, "iou_score": 0.9979399915399223, "fscore": 0.9989684347448677, "accuracy": 0.9979559820273829, "recall": 0.9988280041464445, "precision": 0.9991093565677776}